model,cv_r2_mean,cv_r2_std,cv_mae_mean,cv_rmse_mean,tuned
HistGradientBoosting_tuned,0.6694212547564746,,,,True
HistGradientBoosting,0.6675488993434374,0.012111698329886593,27512.655172631785,45466.87604814352,False
RandomForest,0.6503705242222331,0.011788286753313915,28899.330097683174,46631.15772984338,False
Ridge,0.562449523933666,0.006461239066738561,40036.05505188203,52158.381562360635,False
Lasso,0.5604818601379344,0.010075042807033922,40106.35643700741,52279.112465734586,False
