model,cv_r2_mean,cv_r2_std,cv_mae_mean,cv_rmse_mean,tuned
HistGradientBoosting_tuned,0.6695996010191771,,,,True
HistGradientBoosting,0.6672940380355665,0.011544830333620318,27527.466332034568,45483.59176521833,False
RandomForest,0.6500135471559916,0.011477498902703954,28931.72579802793,46655.02222215472,False
DecisionTree,0.6267059749934558,0.030024899472449726,28414.992304774125,48148.86671268321,False
Ridge,0.5624739139238729,0.006409895627780701,40034.90515526549,52156.850796205785,False
LinearRegression,0.56236303906379,0.006418854190056384,40044.05190356794,52163.39492964833,False
Lasso,0.5605068533118289,0.010014925595656456,40105.19676552112,52277.565171469425,False
