route_label,avg_fare_bdt
SPD → BKK,117951.57234699473
CXB → YYZ,117848.70974427456
CXB → LHR,116667.65437664649
CXB → JFK,116476.31160148268
BZL → JFK,115968.43628519747
