seasonality,count,mean,median
Hajj,942,97144.47105794861,54250.2737370805
Eid,603,91560.02323587237,56621.2336297165
Winter Holidays,10930,79676.73787707875,47272.61735116201
Regular,44525,68077.2710292717,39898.217740672495
