model,r2,mae,rmse,is_tuned
HistGradientBoosting_tuned,0.6779577669979218,30618.471830120467,50605.684436469164,True
HistGradientBoosting,0.6756426001546006,30707.978376083374,50787.26122491417,False
RandomForest,0.6519138175575192,32200.917444673294,52612.17794758274,False
Lasso,0.5700235546724645,42812.359984060706,58474.32549049557,False
Ridge,0.5699337169566385,42808.50396195904,58480.43387797371,False
