model,r2,mae,rmse,is_tuned
HistGradientBoosting_tuned,0.6784357441232407,30586.44667827538,50568.115852463874,True
HistGradientBoosting,0.6740968465979637,30678.489155293493,50908.132957433685,False
RandomForest,0.6531700047366685,32258.71483009366,52517.15768780185,False
Lasso,0.5700164297887853,42813.39097348789,58474.80996010544,False
LinearRegression,0.5699356485219293,42809.64166778579,58480.30255065562,False
Ridge,0.5699267275101167,42809.54540424569,58480.90908868024,False
DecisionTree,0.5199144348078091,35323.89450933374,61787.72606485949,False
