source,count,mean,median,min,max
BZL,7102,72679.10712639368,43584.805690991736,1824.634259584988,489089.9207959324
ZYL,7179,71946.5830772136,42643.36681076909,1801.196912915213,558987.332444109
SPD,7043,71306.3109582715,41149.83932277553,1812.391403140217,546970.9229021225
CXB,7049,71012.87066948978,41133.57325283581,1804.1320957142093,479213.6171685456
CGP,7241,70877.63242789694,40416.259522683664,1809.2742564616128,524278.7603699019
RJH,7091,70532.90830143483,39743.686336751416,1800.9756881504618,522606.3738359274
DAC,7146,70349.70518785204,40935.91053088037,1805.8906394961057,466709.7542407895
JSR,7149,69545.89854847401,40819.99671757021,1808.644602954555,473812.803729295
