seasonality,count,mean,median,min,max
Hajj,942,97144.47105794861,54250.2737370805,2682.581329640074,558987.332444109
Eid,603,91560.02323587237,56621.2336297165,2291.602503727791,524278.7603699019
Winter Holidays,10930,79676.73787707875,47272.61735116201,2120.464064432179,493383.96730977634
Regular,44525,68077.2710292717,39898.217740672495,1800.9756881504618,420558.9267702066
